fence_length,painter_count,input_size,dp_median_ms,greedy_median_ms,ratio_mean,ratio_max
100,200,300,1.262794000467693,0.4608939998433925,2.881666666666667,4.2
200,400,600,4.680240000197955,0.7747530007691239,1.916951936951937,3.2222222222222223
300,600,900,10.845153999980539,1.2357380001049023,2.0479857397504455,3.8823529411764706
400,800,1200,21.233167999525904,1.7236209996553953,2.689206349206349,5.666666666666667
500,1000,1500,34.002084999883664,2.4158890000762767,1.5251717171717172,2.04
600,1200,1800,49.80790199988405,2.619009000227379,2.1089354066985644,2.8125
700,1400,2100,65.01469000068028,2.936101999694074,1.5457767722473605,2.75
800,1600,2400,85.41668599991681,3.470659000413434,3.3923076923076922,4.833333333333333
