Sections,PainterCount,InputSize,SuccessfulReps,DpMedianMs,GreedyMedianMs,RatioMean,RatioMax
4,8,12,3,0.06320600004983135,0.03858199852402322,1.1333333333333333,1.4
6,12,18,3,0.12789000174961984,0.04569000157061964,1.1944444444444444,1.3333333333333333
8,16,24,3,0.4761749987665098,0.04153499685344286,1.15,1.25
10,20,30,3,4.432216999703087,0.06525900244014338,1.0555555555555556,1.1666666666666667
12,24,36,3,15.169520000199554,0.05300900011206977,1.1111111111111112,1.3333333333333333
14,28,42,3,70.44975999815506,0.07544799882452935,1.0,1.0
16,32,48,3,334.5112019997032,0.0991890010482166,1.1111111111111112,1.3333333333333333
18,36,54,3,1346.6321550004068,0.061924001784063876,1.0333333333333334,1.1
20,40,60,3,5986.568039999838,0.0984090002020821,1.0333333333333334,1.1
