Sections,PainterCount,InputSize,SuccessfulReps,DpMedianMs,GreedyMedianMs,RatioMean,RatioMax
4,8,12,3,0.05089999467600137,0.030099996365606785,1.1333333333333333,1.4
6,12,18,3,0.11829999857582152,0.028800001018680632,1.1944444444444444,1.3333333333333333
8,16,24,3,0.46960001054685563,0.03500000457279384,1.15,1.25
10,20,30,3,2.294000005349517,0.03599999763537198,1.0555555555555556,1.1666666666666667
12,24,36,3,11.050900007830933,0.042800005758181214,1.1111111111111112,1.3333333333333333
14,28,42,3,49.28810001001693,0.046899993321858346,1.0,1.0
16,32,48,3,227.37670000060461,0.044200001866556704,1.1111111111111112,1.3333333333333333
18,36,54,3,1039.91930000484,0.07140000525396317,1.0333333333333334,1.1
20,40,60,3,4508.445600004052,0.05810000584460795,1.0333333333333334,1.1
