Sections,PainterCount,InputSize,SuccessfulReps,DpMedianMs,GreedyMedianMs,RatioMean,RatioMax
4,8,12,3,0.04445000013220124,0.038622001738986,1.1333333333333333,1.4
6,12,18,3,0.15341600010287948,0.06455699985963292,1.1944444444444444,1.3333333333333333
8,16,24,3,0.7745209986751433,0.05424199844128452,1.15,1.25
10,20,30,3,3.5179850019630976,0.0601780011493247,1.0555555555555556,1.1666666666666667
12,24,36,3,16.98514300005627,0.060152000514790416,1.1111111111111112,1.3333333333333333
14,28,42,3,57.934321001084754,0.04968999928678386,1.0,1.0
16,32,48,3,259.84655100182863,0.05659700036630966,1.1111111111111112,1.3333333333333333
18,36,54,3,973.2595200002834,0.057531000493327156,1.0333333333333334,1.1
20,40,60,3,4515.817401003005,0.07996099884621799,1.0333333333333334,1.1
